airport_name,alt,lon,Delay
Aberdeen Regional Airport,1302,-98.4218,92303
Abilene Rgnl,1791,-99.681897,92303
Abraham Lincoln Capital,597,-89.677889,92303
Acadiana Rgnl,24,-91.883896,92303
Adak Airport,18,-176.646,92303
Adams Fld,262,-92.224306,92303
Addison,644,-96.8364478,92303
Adirondack Regional Airport,1663,-74.2062,92303
Akhiok Airport,44,-154.1825,92303
Akiak Airport,30,-161.230556,92303
Akron Canton Regional Airport,1228,-81.4421944,92303
Akron Fulton Intl,1067,-81.466917,92303
Akutan Seaplane Base,0,-165.785,92303
Alakanuk Airport,10,-164.66,92303
Alamogordo White Sands Regional Airport,4200,-105.991,92303
Albany Intl,285,-73.801692,92303
Albert J Ellis,94,-77.612139,92303
Albert Whitted,7,-82.626972,92303
Albuquerque International Sunport,5355,-106.6091944,92303
Aleknagik Airport,66,-158.618,92303
Alexander Field South Wood County Airport,1021,-89.8381412,92303
Alexandria,1,-77.0621,92303
Alexandria Intl,89,-92.549833,92303
Alice Intl,178,-98.026944,92303
Alitak Seaplane Base,0,-154.247778,92303
All Airports,25,-77.035278,92303
All Airports,31,-74.005833,92303
All Airports,596,-87.631667,92303
Allakaket Airport,441,-152.6222,92303
Allegheny County Airport,1252,-79.9302,92303
Allen Aaf,1291,-145.721642,92303
Alliance Municipal Airport,3931,-102.803889,92303
Alpena County Regional Airport,689,-83.5603,92303
Altoona Blair Co,1504,-78.320022,92303
Altus Afb,1382,-99.266681,92303
Ambler Airport,334,-157.8575,92303
Amherst Amtrak Station AMM,258,-72.511389,92303
Amook Bay Seaplane Base,0,-153.815278,92303
Anacortes Airport,241,-122.6625,92303
Anaktuvuk Pass Airport,2103,-151.743,92303
Anderson Rgnl,782,-82.709389,92303
Andrau Airport,80,-95.35,92303
Andrews Afb,280,-76.867028,92303
Angelina Co,296,-94.75,92303
Angoon Seaplane Base,0,-134.585,92303
Aniak Airport,88,-159.543,92303
Ankeny Regl Airport,910,-93.566389,92303
Ann Arbor Municipal Airport,839,-83.444418,92303
Annette Island,119,-131.572233,92303
Anniston Metro,612,-85.858111,92303
Anvik Airport,309,-160.191,92303
Apalachicola Regional Airport,20,-85.0274416,92303
Apopka,143,-81.581667,92303
Appleton,680,-88.507576,92303
Aransas County Airport,24,-97.0436944,92303
Arcata,221,-124.108611,92303
Arctic Village Airport,2092,-145.579,92303
Ardmore Muni,762,-97.008889,92303
Arkansas Intl,254,-89.943956,92303
Arlington Municipal,628,-97.0942778,92303
Arnold Palmer Regional Airport,1185,-79.4048,92303
Arthur Dunn Airpark,30,-80.83541,92303
Asheville Regional Airport,2165,-82.541806,92303
Ashland County Airport,1206,-82.2556389,92303
Aspen Pitkin County Sardy Field,7820,-106.869,92303
Astoria Regional Airport,15,-123.878694,92303
Athens Ben Epps Airport,808,-83.3263,92303
Atka Airport,56,-174.206389,92303
Atlanta Regional Airport - Falcon Field,808,-84.5718333,92303
Atlantic City Intl,75,-74.577167,92303
Atlantic City Rail Terminal,8,-74.442,92303
Atmautluak Airport,18,-162.273056,92303
Atqasuk Edward Burnell Sr Memorial Airport,96,-157.436,92303
Auburn University Regional,777,-85.2604,92303
Augusta Rgnl At Bush Fld,144,-81.9645,92303
Augusta State,352,-69.797317,92303
Austin Bergstrom Intl,542,-97.669889,92303
Austin Straubel Intl,695,-88.129589,92303
Avalon,1602,-118.415833,92303
Bagdad Airport,4183,-113.170195,92303
Baldwin County Airport,385,-83.2414139,92303
Baltimore Washington Intl,146,-76.668333,92303
Bamberg County Airport,231,-81.1084167,92303
Bangor Intl,192,-68.828139,92303
Banks Airport,100,-68.4281667,92303
Baraboo Wisconsin Dells Airport,979,-89.7709266,92303
Barking Sands Pmrf,23,-159.785,92303
Barkley Regional Airport,410,-88.7729583,92303
Barksdale Afb,166,-93.662674,92303
Barnes Municipal,270,-72.715875,92303
Barnstable Muni Boardman Polando Fld,55,-70.280356,92303
Barrow County Airport,943,-83.6674167,92303
Barter Island Lrrs,2,-143.581867,92303
Bartow Municipal Airport,125,-81.7834,92303
Barwick Lafayette Airport,777,-85.2903319,92303
Baton Rouge Metro Ryan Fld,70,-91.149639,92303
Baudette Intl,1086,-94.612222,92303
Beale Afb,113,-121.436567,92303
Beaufort,37,-80.723161,92303
Beaumont Municipal,32,-94.2150967,92303
Beauregard Rgnl,202,-93.339917,92303
Beaver Airport,359,-147.406667,92303
Beaver Falls,1253,-80.3914444,92303
Beech Factory Airport,1409,-97.2149167,92303
Bellingham Intl,170,-122.537528,92303
Bemidji Regional Airport,1391,-94.934722,92303
Bermuda Dunes Airport,73,-116.2748133,92303
Bert Mooney Airport,5550,-112.497472,92303
Bessemer,700,-86.5558,92303
Bethel,121,-161.838,92303
Bettles,644,-151.529056,92303
Beverly Municipal Airport,107,-70.9161444,92303
Bicycle Lake Aaf,2350,-116.630031,92303
Big Bear City,6725,-116.8560278,92303
Big Mountain Afs,663,-155.258822,92303
Big Timber Airport,4492,-109.9811111,92303
Biggs Aaf,3948,-106.380039,92303
Billings Logan International Airport,3652,-108.537654,92303
Birch Creek Airport,450,-145.815319,92303
Birmingham Intl,644,-86.75355,92303
Bisbee Douglas Intl,4154,-109.603667,92303
Bishop International,782,-83.743629,92303
Bismarck Municipal Airport,1661,-100.757931,92303
Black Hills Airport-Clyde Ice Field,3931,-103.7860053,92303
Black Rock,6454,-108.791778,92303
Blakely Island Airport,0,-122.80243,92303
Block Island State Airport,108,-71.577778,92303
Bloyer Field,966,-90.4806111,92303
Blue Grass,979,-84.605889,92303
Blythe Airport,399,-114.716889,92303
Bob Baker Memorial Airport,166,-160.436667,92303
Bob Hope,778,-118.358667,92303
Bob Sikes,213,-86.522111,92303
Boca Raton,13,-80.107694,92303
Boeing Fld King Co Intl,21,-122.301947,92303
Boire Field Airport,199,-71.5147778,92303
Boise Air Terminal,2871,-116.222861,92303
Bolton Field,905,-83.136944,92303
Boone Co,1365,-93.154728,92303
Borrego Valley Airport,520,-116.3209722,92303
Boston Back Bay Station,20,-71.075,92303
Boulder City Municipal Airport,2201,-114.514,92303
Boulder Municipal,5288,-105.225833,92303
Bowerman Field,18,-123.9365556,92303
Bowling Green-Warren County Regional Airport,547,-86.4196667,92303
Bowman Fld,546,-85.663722,92303
Braceville Airport,900,-80.9692572,92303
Brackett Field,1014,-117.7817778,92303
Bradford Regional Airport,2143,-78.6401,92303
Bradley Intl,173,-72.683222,92303
Bradshaw Aaf,6190,-155.553717,92303
Brainerd Lakes Rgnl,1226,-94.138078,92303
Branch County Memorial Airport,959,-85.0522935,92303
Brandywine Airport,466,-75.3455,92303
Branson LLC,1302,-93.200556,92303
Bremerton National,444,-122.764814,92303
Brevig Mission Airport,35,-166.465833,92303
Brigham City,4229,-112.062,92303
Brookings Regional Airport,1648,-96.8169,92303
Brooks Field Airport,941,-84.9554443,92303
Brown Field Municipal Airport,526,-116.9801611,92303
Brownsville South Padre Island Intl,22,-97.425861,92303
Brunswick Golden Isles Airport,26,-81.4665,92303
Bryant Ahp,378,-149.653119,92303
Bryce Canyon,7590,-112.145806,92303
Buchanan Field Airport,26,-122.0568889,92303
Buckeye Municipal Airport,1033,-112.68618,92303
Buckland Airport,31,-161.149167,92303
Buckley Afb,5662,-104.75166,92303
Buffalo Niagara Intl,724,-78.732167,92303
Burke Lakefront Airport,583,-81.683333,92303
Burlington Intl,335,-73.153278,92303
Burlington-Alamance Regional Airport,617,-79.4748892,92303
Burrello-Mechanicville Airport,195,-73.66845,92303
Butts Aaf,5838,-104.756581,92303
Cairo-Grady County Airport,265,-84.1547353,92303
Caldwell Essex County Airport,172,-74.2813611,92303
Calexico Intl,4,-115.51333,92303
Cambridge Municipal Airport,799,-81.5775833,92303
Camp Mabry Austin City,0,-97.7666,92303
Campbell Aaf,573,-87.496183,92303
Cannon Afb,4295,-103.322147,92303
Canyonlands Field,4555,-109.754722,92303
Cape Girardeau Regional Airport,342,-89.5708,92303
Cape Lisburne Lrrs,12,-166.110022,92303
Cape May Co,23,-74.908275,92303
Cape Newenham Lrrs,541,-162.062778,92303
Cape Romanzof Lrrs,457,-166.038747,92303
Capital City,861,-84.587357,92303
Capital City Airport,347,-76.8513611,92303
Capital City Airport,812,-84.9061389,92303
Carbon County Regional-Buck Davis Field,5957,-110.75278,92303
Caribou Muni,626,-68.017917,92303
Cartersville Airport,759,-84.8487067,92303
Casa Grande Municipal Airport,1464,-111.766832,92303
Castle,189,-120.568189,92303
Cavern City Air Terminal,3295,-104.263278,92303
Cecil Field,81,-81.8767,92303
Cedar City Rgnl,5622,-113.098847,92303
Cedar Rapids,869,-91.710806,92303
CedarKey,11,-83.0504722,92303
Centennial,5883,-104.849294,92303
Central Airport,937,-144.780833,92303
Central Illinois Rgnl,871,-88.915917,92303
Central Nebraska Regional Airport,1847,-98.3096,92303
Central Wisconsin,840,-89.646635,92303
Centre-Piedmont-Cherokee County Regional Airport,595,-85.6100833,92303
Chadron Municipal Airport,3297,-103.095556,92303
Chalkyitsik Airport,544,-143.74,92303
Champaign,754,-88.278056,92303
Chan Gurney,1200,-97.3969,92303
Charles M Schulz Sonoma Co,125,-122.81288,92303
Charleston Afb Intl,45,-80.040528,92303
Charlevoix Municipal Airport,669,-85.2753333,92303
Charlotte County-Punta Gorda Airport,26,-81.990556,92303
Charlotte Douglas Intl,748,-80.943139,92303
Charlottesville-Albemarle,639,-78.452861,92303
Chatham Seaplane Base,0,-134.946111,92303
Chatsworth Station,978,-118.598889,92303
Chautauqua County-Dunkirk Airport,693,-79.2720417,92303
Chautauqua County-Jamestown,525,-79.258056,92303
Chefornak Airport,40,-164.285556,92303
Chehalis-Centralia,177,-122.5897,92303
Chemehuevi Valley,638,-114.431971,92303
Chenega Bay Airport,72,-147.991944,92303
Cherokee County Airport,1219,-84.4221556,92303
Cherry Capital Airport,624,-85.582235,92303
Cherry Point Mcas,29,-76.880733,92303
Chester County G O Carlson Airport,660,-75.8654,92303
Chevak Airport,75,-165.584,92303
Cheyenne Rgnl Jerry Olson Fld,6156,-104.811839,92303
Chicago Executive,647,-87.9015376,92303
Chicago Midway Intl,620,-87.752417,92303
Chicago Ohare Intl,668,-87.904842,92303
Chicago Rockford International Airport,742,-89.0972222,92303
Chico Muni,238,-121.858422,92303
Chignik Bay Seaplane Base,0,-158.401398,92303
Chignik Lagoon Airport,25,-158.534167,92303
Chignik Lake Airport,50,-158.775278,92303
Childress Muni,1954,-100.287992,92303
China Lake Naws,2283,-117.692039,92303
Chinle Municipal Airport,5547,-109.5754222,92303
Chippewa County International Airport,800,-84.4724,92303
Chippewa Valley Regional Airport,913,-91.4843,92303
Chisana Airport,1011,-142.048333,92303
Chisholm Hibbing,1353,-92.838994,92303
Chuathbaluk Airport,243,-159.215556,92303
Cincinnati Muni Lunken Fld,483,-84.418611,92303
Cincinnati Northern Kentucky Intl,896,-84.667822,92303
Circle City Airport,613,-144.076111,92303
City Of Colorado Springs Muni,6187,-104.700778,92303
Clarke CO,320,-88.4434,92303
Clarksville-Montgomery County Regional Airport,550,-87.415,92303
Clayton County Tara Field,874,-84.332397,92303
Clear,552,-149.120144,92303
Clear Lake Metroport,35,-95.137497,92303
Clearwater Air Park,70,-82.7586667,92303
Clemson,891,-82.8858889,92303
Cleveland Hopkins Intl,791,-81.849794,92303
Clinton Municipal,708,-90.3289722,92303
Clovis Muni,4216,-103.079278,92303
Clow International Airport,670,-88.1292306,92303
Cobb County Airport-Mc Collum Field,1041,-84.5970556,92303
Coffman Cove Seaplane Base,0,-132.833889,92303
Cold Bay,96,-162.725436,92303
Coldfoot Airport,1014,-150.176111,92303
Coleman A Young Muni,626,-83.009861,92303
Collin County Regional Airport at Mc Kinney,585,-96.5905278,92303
Colorado Springs East,6145,-104.41,92303
Columbia County,198,-73.7103,92303
Columbia Metropolitan,236,-81.119528,92303
Columbia Rgnl,889,-92.219631,92303
Columbus Afb,219,-88.443833,92303
Columbus Metropolitan Airport,397,-84.9388611,92303
Concord Municipal,342,-71.50233,92303
Condron Aaf,3934,-106.40277,92303
Coolidge Municipal Airport,1574,-111.427001953125,92303
Corpus Christi Intl,44,-97.501222,92303
Corpus Christi NAS,18,-97.290376,92303
Cortez Muni,5918,-108.628056,92303
Corvallis Muni,250,-123.2915,92303
Cottonwood Airport,3550,-112.035003662109,92303
Cotulla Lasalle Co,474,-99.220294,92303
Coulter Fld,367,-96.331361,92303
Council Airport,85,-163.703333,92303
County,34,-80.851111,92303
Covington Municipal Airport,809,-83.8474472,92303
Coweta County Airport,970,-84.7697554,92303
Craig Fld,166,-86.987803,92303
Craig Seaplane Base,0,-133.147778,92303
Craven Co Rgnl,18,-77.042944,92303
Creech Afb,3133,-115.673353,92303
Crisp County Cordele Airport,310,-83.7739167,92303
Crooked Creek Airport,178,-158.135,92303
Cross City,42,-83.10475,92303
Crystal Airport,869,-93.2114,92303
Crystal River,9,-82.5741111,92303
Cut Bank Muni,3854,-112.376144,92303
Cuyahoga County,879,-81.4863555,92303
Dade Collier Training And Transition,13,-80.897,92303
Dalhart Muni,3991,-102.547278,92303
Dallas Executive Airport,201,-96.868333,92303
Dallas Fort Worth Intl,607,-97.037997,92303
Dallas Love Fld,487,-96.851778,92303
Dalton Municipal Airport,709,-84.87025,92303
Danbury Municipal Airport,458,-73.4821906,92303
Dane Co Rgnl Truax Fld,887,-89.337514,92303
Daniel Field Airport,423,-82.0393808,92303
Dare County Regional,13,-75.4173,92303
Darlington County Jetport,192,-79.8900608,92303
David Wayne Hooks Field,152,-95.554276,92303
Davis Fld,612,-95.366656,92303
Davis Monthan Afb,2704,-110.883144,92303
Dawson Community Airport,749,-104.807222,92303
Dayton-Wright Brothers Airport,957,-84.2248611,92303
Daytona Beach Intl,34,-81.058056,92303
De Kalb Taylor Municipal Airport,914,-88.7056864,92303
DeFuniak Springs Airport,289,-86.1537778,92303
Deadhorse,64,-148.465167,92303
Decatur,682,-88.865689,92303
Decatur County Industrial Air Park,141,-84.6369278,92303
Deer Harbor Seaplane,0,-123.00596,92303
Deer Valley Municipal Airport,1478,112.457,92303
Deering Airport,21,-162.766,92303
Dekalb-Peachtree Airport,1003,-84.3019722,92303
Del Norte County Airport,57,-124.237,92303
Del Rio Intl,1002,-100.927158,92303
Delaware County Airport,937,-85.39575,92303
Dell Flight Strip,6007,-112.7200133,92303
Delta County Airport,609,-87.093611,92303
Delta Municipal Airport,4759,-112.5077147,92303
Denver Intl,5431,-104.673178,92303
Des Moines Intl,958,-93.663083,92303
Desert Aire,586,-119.5518,92303
Destin,23,-86.4714772,92303
Detroit Metro Wayne Co,645,-83.353389,92303
Devils Lake Regional Airport,1445,-98.908611,92303
Dickinson Theodore Roosevelt Regional Airport,2592,-102.801944,92303
Dillant Hopkins Airport,149,42.898333,92303
Dillingham,14,-158.197281,92303
Dillingham,74,-158.5055,92303
Dinwiddie County Airport,193,-77.507388,92303
Dobbins Arb,1068,-84.516319,92303
Dodge City Regional Airport,2594,-99.9656,92303
Door County Cherryland Airport,725,-87.4215556,92303
Dothan Rgnl,401,-85.449628,92303
Douglas Municipal Airport,257,-82.8605664,92303
Douglas Municipal Airport,4173,-109.5064544,92303
Dover Afb,28,-75.465958,92303
Dowagiac Municipal Airport,748,-86.1280125,92303
Downtown,759,-94.598889,92303
Drake Fld,1251,-94.170059,92303
Draughon Miller Central Texas Rgnl,682,-97.407778,92303
Drummond Island Airport,668,-83.7439342,92303
DuBois Regional Airport,1817,-78.8987,92303
Dubuque Rgnl,1076,-90.709472,92303
Duluth Intl,1428,-92.193649,92303
Dupage,758,-88.248611,92303
Durango La Plata Co,6685,-107.75377,92303
Dyess Afb,1789,-99.8546,92303
Eagle Airport,908,-141.149722,92303
Eagle Co Rgnl,6540,-106.917694,92303
Eagle County Airport,6548,-106.9159347,92303
Eagle River,1642,-89.268283,92303
Eagle's Nest Airport,1437,-78.944167,92303
Eareckson As,98,174.11362,92303
East 34th Street Heliport,10,-73.971944,92303
East Texas Rgnl,365,-94.711486,92303
East Troy Municipal Airport,860,-88.3726111,92303
Eastern Oregon Regional Airport,1497,-118.841389,92303
Eastern Slopes Regional,455,-70.9478889,92303
Eastern WV Regional Airport,554,-77.591,92303
Easterwood Fld,321,-96.363833,92303
Easton-Newnam Field Airport,72,-76.069,92303
Eastport Municipal Airport,45,-67.0126944,92303
Edward F Knapp State,1165,-72.562328,92303
Edward G Pitka Sr,152,-156.937417,92303
Edwards Afb,2302,-117.883739,92303
Eek Airport,15,-162.043889,92303
Effingham Memorial Airport,585,-88.534,92303
Egegik Airport,92,-157.375556,92303
Eglin Afb,87,-86.5254,92303
Eielson Afb,548,-147.1015,92303
Ekwok Airport,135,-157.471111,92303
El Centro Naf,-42,-115.671667,92303
El Paso Intl,3958,-106.377583,92303
El Toro,383,-117.731164,92303
Elfin Cove Seaplane Base,0,-136.3475,92303
Elim Airport,162,-162.270556,92303
Elizabeth City Cgas Rgnl,12,-76.174572,92303
Elizabethton Municipal Airport,1593,-82.1734167,92303
Elkhart Municipal,778,-86.003333,92303
Elkins Randolph Co Jennings Randolph,1987,-79.857139,92303
Elko Regional Airport,5140,-115.792,92303
Ellington Fld,32,-95.15875,92303
Ellsworth Afb,3279,-103.103567,92303
Elmendorf Afb,212,-149.806503,92303
Elmira Corning Rgnl,954,-76.891611,92303
Ely Airport,6259,-114.841944,92303
Ely Municipal,1456,-91.830833,92303
Emanuel Co,327,-82.369944,92303
Emmonak Airport,13,-164.490833,92303
Emporia Municipal Airport,1208,-96.1912,92303
Ephraim-Gibraltar Airport,773,-87.1879444,92303
Eppley Afld,984,-95.894069,92303
Erie Intl Tom Ridge Fld,733,-80.176217,92303
Erie-Ottawa Regional Airport,590,-82.8694868,92303
Ernest A Love Fld,5045,-112.419583,92303
Esler Rgnl,112,-92.295772,92303
Evanston-Uinta CO Burns Fld,7143,-111.0208,92303
Evansville Regional,418,-87.532364,92303
Everglades Airpark,5,-81.3902778,92303
Excursion Inlet Seaplane Base,0,-135.449167,92303
Executive,113,-81.332936,92303
Executive,160,-81.528889,92303
Fairbanks Intl,434,-147.856267,92303
Fairchild Afb,2461,-117.655772,92303
Fairfield County Airport,577,-81.108806,92303
Fallon Nas,3934,-118.70098,92303
Falls Intl,1185,-93.403067,92303
False Pass Airport,20,-163.410278,92303
Fayetteville Regional Grannis Field,189,-78.8803,92303
Felker Aaf,12,-76.608841,92303
Felts Fld,1953,-117.322558,92303
Fernandina Beach Municipal Airport,16,-81.4611944,92303
Ferry County Airport,2522,-118.6564714,92303
Findlay Airport,819,-83.6686111,92303
Finger Lakes Regional Airport,492,-76.7812318,92303
First Flight Airport,13,-75.67,92303
Fitchburg Municipal Airport,348,-71.7589722,92303
Fitzgerald Municipal Airport,365,-83.2709036,92303
Flabob Airport,764,-117.409971,92303
Flagler County Airport,33,-81.1212,92303
Flagstaff Pulliam Airport,7015,-111.6692392,92303
Florence,51,-124.1113687,92303
Florence Rgnl,146,-79.723889,92303
Florida Keys Marathon Airport,7,-81.051389,92303
Floyd Bennett Memorial Airport,328,-73.610305,92303
Flying Cloud Airport,906,-93.2726,92303
Fond Du Lac County Airport,808,-88.4884167,92303
Foothills Regional Airport,1270,-81.6115119,92303
Forbes Fld,1078,-95.663611,92303
Ford Airport,1182,-88.1145556,92303
Forest Lake Airport,925,-92.9943853,92303
Fort Bridger,7038,-110.2436,92303
Fort Collins Loveland Muni,5016,-105.011336,92303
Fort Dodge Rgnl,1157,-94.191842,92303
Fort Jefferson,0,-82.86667,92303
Fort Lauderdale Executive,13,-80.170706,92303
Fort Lauderdale Hollywood Intl,9,-80.15275,92303
Fort Smith Rgnl,469,-94.367444,92303
Fort Stockton Pecos Co,3011,-102.916139,92303
Fort Wayne,815,-85.195139,92303
Fort Worth Alliance Airport,722,-97.318889,92303
Fort Worth Meacham Intl,710,-97.362444,92303
Fort Yukon,433,-145.250417,92303
Fortman Airport,885,-84.3866186,92303
Foster Field,990,-90.1693889,92303
Fostoria Metropolitan Airport,752,-83.3930833,92303
Four Corners Rgnl,5506,-108.229944,92303
Francis S Gabreski,67,-72.631789,92303
Frank Wiley Field,2630,-105.886,92303
Franklin,1540,-79.860362,92303
Frasca Field,735,-88.200197,92303
Frazier Lake Airpark,152,-124.768333333333,92303
Fredericksburg Amtrak Station,130,-77.456875,92303
French Valley Airport,1350,-117.1284732,92303
Fresno Yosemite Intl,336,-119.71814,92303
Friday Harbor Airport,113,-123.024444,92303
Friday Harbor Seaplane Base,0,-123.009722,92303
Friedman Mem,5320,-114.296194,92303
Fullerton Municipal Airport,96,-117.584722,92303
Fulton County Airport Brown Field,841,-84.5214,92303
Funter Bay Seaplane Base,0,-134.897778,92303
Furnace Creek,0,-116.515,92303
Gainesville Rgnl,152,-82.271778,92303
Galion Municipal Airport,1224,-82.7238056,92303
Gallatin Field,4500,-111.160151,92303
Gallup Muni,6472,-108.789308,92303
Galt Field Airport,875,-88.3751111,92303
Gambell Airport,27,-171.733,92303
Garden City Rgnl,2891,-100.724417,92303
Garfield County Regional Airport,5548,-107.7269444,92303
Garland Airport,1218,-84.2761944,92303
Garner Field,942,-99.748962,92303
Gary Chicago International Airport,591,-87.4128,92303
General Edward Lawrence Logan Intl,19,-71.005181,92303
General Mitchell Intl,723,-87.896583,92303
Genesee County Airport,914,-78.1696667,92303
George Bush Intercontinental,97,-95.341442,92303
Georgetown County Airport,40,-79.3203139,92303
Georgetown Municipal Airport,790,-97.6793837,92303
Gerald R Ford Intl,794,-85.522806,92303
Germack Airport,820,-80.9039797,92303
Gila Bend Municipal Airport,789,-112.673636,92303
Gilbert Airport,145,-81.753333,92303
Gillespie,388,-116.9724444,92303
Gillette-Campbell County Airport,4365,-105.5393611,92303
Gilmer County Airport,1486,-84.5265833,92303
Glacier Park Intl,2977,-114.256,92303
Gladwin Zettel Memorial Airport,774,-84.47502,92303
Glendale Municipal Airport,1071,-112.2951389,92303
Godman Aaf,756,-85.972106,92303
Gogebic Iron County Airport,1230,-90.1313967,92303
Golden Triangle Regional Airport,264,-88.591361,92303
Golovin Airport,59,-163.007222,92303
Goodnews Airport,15,-161.5775,92303
Grand Canyon Heliport,2500,-112.13333333,92303
Grand Canyon National Park Airport,6609,-112.1469722,92303
Grand Canyon West Airport,4813,-113.815674,92303
Grand Canyon West Airport,4825,-113.4859,92303
Grand Forks Afb,913,-97.401194,92303
Grand Forks Intl,845,-97.176111,92303
Grand Geneva Resort Airport,835,-88.3895833,92303
Grand Junction Regional,4858,-108.526735,92303
Grand Marais Cook County Airport,1799,-90.3829444,92303
Grand Rapids Itasca County,413,-93.509722,92303
Grand Strand Airport,31,-78.7239444,92303
Grant Co Intl,1185,-119.32019,92303
Grant County Airport,5446,-108.156,92303
Grants Milan Muni,6537,-107.901989,92303
Gray Aaf,302,-122.580783,92303
Grayling Airport,99,-160.065,92303
Great Bend Municipal,1887,-98.859167,92303
Great Falls Intl,3677,-111.370689,92303
Greater Binghamton Edwin A Link Fld,1636,-75.979839,92303
Greater Cumberland Rgnl.,775,-78.760556,92303
Greater Kankakee,630,-87.846278,92303
Greater Rochester Intl,559,-77.672389,92303
Greenbrier Valley Airport,2302,-80.399444,92303
Greenville-Spartanburg International,964,-82.218889,92303
Greenwood Leflore,162,-90.084706,92303
Grider Fld,206,-91.935597,92303
Griffin-Spalding County Airport,958,-84.2749444,92303
Griffing Sandusky,580,-82.652333,92303
Griffiss Afld,504,-75.407033,92303
Grissom Arb,812,-86.152119,92303
Groton New London,9,-72.045139,92303
Grove City Airport,1371,-80.16775,92303
Gulfport-Biloxi,28,-89.070111,92303
Gulkana,1580,-145.456639,92303
Gunnison - Crested Butte,7678,-106.933056,92303
Gustavus Airport,34,-135.707,92303
Gwinnett County Airport-Briscoe Field,1061,-83.9623772,92303
Hagerstown Regional Richard A Henson Field,704,-77.7295,92303
Haines Airport,15,-135.524,92303
Halliburton Field Airport,1114,-97.9598611,92303
Hamburg Inc Airport,751,-78.9147569,92303
Hana,78,-156.014439,92303
Hancock County - Bar Harbor,83,-68.3615653,92303
Hardwick Field Airport,874,-84.832369,92303
Harford County Airport,409,-76.2024028,92303
Harris County Airport,902,-84.8824444,92303
Harrisburg Intl,310,-76.763403,92303
Harrison Marion Regional Airport,1217,-80.2281,92303
Harry Clever Field Airport,894,-81.4199444,92303
Hartford Brainard,18,-72.649444,92303
Hartford Union Station,0,-72.6815,92303
Hartness State,577,-72.517222,92303
Hartsfield Jackson Atlanta Intl,1026,-84.428067,92303
Hattiesburg Bobby L. Chain Municipal Airport,151,-89.2528889,92303
Hattiesburg Laurel Regional Airport,298,-89.3371,92303
Havre City Co,2590,-109.762342,92303
Hays Regional Airport,1998,-99.2732,92303
Hayward Executive Airport,52,-122.121666666667,92303
Hazleton Municipal,1603,-76.0025,92303
Healy River Airport,1263,-148.968889,92303
Heber City Municipal Airport,5637,-111.4288056,92303
Hector International Airport,902,-96.8157639,92303
Helena Rgnl,3877,-111.98275,92303
Henderson Executive Airport,1881,-115.134444,92303
Henry Post Aaf,1189,-98.402167,92303
Henry Tift Myers Airport,355,-83.488545,92303
Hickory Rgnl,1189,-81.38955,92303
Hill Afb,4789,-111.973039,92303
Hillsboro Muni,685,-97.097228,92303
Hilo Intl,38,-155.048469,92303
Hilton Head,10,-80.752,92303
Hilton Head Airport,19,-80.6974722,92303
Hite Airport,3840,-110.3840289,92303
Hobart Muni,1564,-99.051353,92303
Hollis Seaplane Base,0,-132.646111,92303
Holloman Afb,4093,-106.106525,92303
Holy Cross Airport,70,-159.775,92303
Homer,84,-151.476583,92303
Homestead Arb,6,-80.383567,92303
Hondo Municipal Airport,930,-99.1775,92303
Honolulu Intl,13,-157.922428,92303
Hood Aaf,924,-97.714469,92303
Hoonah Airport,19,-135.409722,92303
Hooper Bay Airport,7,-166.147,92303
Houghton County Memorial Airport,1095,-88.4891,92303
Houlton Intl,489,-67.792056,92303
Hughes Airport,299,-154.264722,92303
Hunter Aaf,42,-81.145683,92303
Huntsville International Airport-Carl T Jones Field,629,-86.7750556,92303
Hurlburt Fld,38,-86.689278,92303
Huron Rgnl,1289,-98.228542,92303
Huslia Airport,213,-156.351389,92303
Hutchinson Municipal Airport,1543,-97.8606,92303
Hydaburg Seaplane Base,0,-132.828333,92303
Hyder Seaplane Base,0,-130.006667,92303
Icy Bay Airport,50,-141.661667,92303
Idaho Falls Rgnl,4744,-112.07075,92303
Idlewild Intl,13,-73.778924,92303
Igiugig Airport,90,-155.902,92303
Igor I Sikorsky Mem,9,-73.126167,92303
Iliamna,186,-154.910961,92303
Illinois Valley Regional,654,-89.153056,92303
Immokalee,37,-81.401389,92303
Imperial Co,-54,-115.578744,92303
Indian Mountain Lrrs,1220,-153.704289,92303
Indianapolis Intl,797,-86.294383,92303
Indianapolis Metropolitan Airport,811,-86.045,92303
International Airport,89,-82.224167,92303
Inyokern Airport,2455,-117.829444,92303
Iosco County,606,-83.422,92303
Iowa City Municipal Airport,668,-91.546503,92303
Isbell Field Airport,877,-85.7213889,92303
Ithaca Tompkins Rgnl,1099,-76.458444,92303
Jack Edwards Airport,17,-87.6717778,92303
Jack Northrop Fld Hawthorne Muni,66,-118.335186,92303
Jackson County Airport,951,-83.5615972,92303
Jackson Evers Intl,346,-90.075889,92303
Jackson Hole Airport,6451,-110.73775,92303
Jacksonville Intl,30,-81.687861,92303
Jacksonville Nas,22,-81.680556,92303
Jacqueline Cochran Regional Airport,0,-116.1596667,92303
James M Cox Dayton Intl,1009,-84.219375,92303
Jamestown Regional Airport,1498,-98.6782,92303
Jefferson City Memorial Airport,549,-92.1561,92303
Jefferson County Airpark,1196,-80.7008742,92303
Jefferson County Intl,108,-122.8106436,184606
Jekyll Island Airport,11,-81.4277778,92303
Jesup-Wayne County Airport,107,-81.8825,92303
Jimmy Carter Regional,468,-84.1133,92303
John F Kennedy Intl,13,-73.778925,92303
John H. Batten Airport,674,-87.8152,92303
John Murtha Johnstown-Cambria County Airport,2284,-78.833889,92303
John Wayne Arpt Orange Co,56,-117.868222,92303
Johnson County Airport,1096,-94.4415,92303
Jonesboro Muni,262,-90.646417,92303
Joplin Rgnl,981,-94.498269,92303
Juneau Intl,21,-134.576278,92303
KBWD,1387,-98.9565,92303
Kahului,54,-156.430458,92303
Kake Airport,172,-133.910278,92303
Kake Seaplane Base,0,-133.945556,92303
Kalamazoo,874,-85.552058,92303
Kalaupapa Airport,24,-156.974,92303
Kalskag Airport,55,-160.341,92303
Kaltag Airport,187,-158.741,92303
Kaneohe Bay Mcaf,24,-157.768,92303
Kansas City Intl,1026,-94.713905,92303
Kapalua,256,-156.673031,92303
Karuluk Airport,137,-154.450278,92303
Kasigluk Airport,40,-162.524444,92303
Kearney Municipal Airport,2131,-99.0068,92303
Keesler Afb,33,-88.924433,92303
Kelso Longview,20,-122.898389,92303
Kenai Muni,99,-151.245,92303
Kendall Tamiami Executive,8,-80.432777,92303
Kenmore Air Harbor Inc Seaplane Base,14,-122.259,92303
Kenmore Air Harbor Seaplane Base,14,-122.339,92303
Kenosha Regional Airport,742,-87.9278056,92303
Kent State Airport,1134,-81.4151111,92303
Keokuk Municipal Airport,671,-91.4285011,92303
Kerrville Municipal Airport,1617,-99.0854722,92303
Ketchikan Intl,88,-131.71375,92303
Ketchikan harbor Seaplane Base,0,-131.663333,92303
Key Field,297,-88.751868,92303
Key Largo,8,-80.274775,92303
Key West Intl,3,-81.759556,92303
Key West Nas,6,-81.688889,92303
King Cove Airport,155,-162.266,92303
King Salmon,68,-156.649278,92303
Kingman Airport,3449,-113.938,92303
Kingsville Nas,50,-97.809723,92303
Kinston Regional Jetport,94,-77.608889,92303
Kipnuk Airport,11,-164.030556,92303
Kirksville Regional Airport,966,-92.5449,92303
Kirtland Air Force Base,5355,-106.609194,92303
Kissimmee Gateway Airport,82,-81.437083,92303
Kitoi Bay Seaplane Base,0,-152.370556,92303
Kivalina Airport,13,-164.563,92303
Klamath Falls Airport,4095,-121.733,92303
Klawock Airport,80,-133.076111,92303
Klawock Seaplane Base,0,-133.101693,92303
Knox County Regional Airport,56,-69.0992303,92303
Knoxville Downtown Island Airport,833,-83.8736667,92303
Kobuk Airport,137,-156.897222,92303
Kodiak,78,-152.493856,92303
Koliganek Airport,269,-157.259444,92303
Kona Intl At Keahole,47,-156.045631,92303
Kongiganak Airport,30,-162.881111,92303
Kotlik Airport,15,-163.532778,92303
Koyuk Alfred Adams Airport,154,-161.154167,92303
Koyukuk Airport,149,-157.730556,92303
Kulik Lake Airport,1000,-155.108089,92303
Kwethluk Airport,30,-161.443611,92303
Kwigillingok Airport,18,-163.168611,92303
LM Clayton Airport,1986,-105.575,92303
La Crosse Municipal,654,-91.256711,92303
La Guardia,22,-73.872608,92303
La Junta Muni,4238,-103.509431,92303
LaGrange-Callaway Airport,694,-85.0726111,92303
Lackland Afb Kelly Fld Annex,691,-98.581108,92303
Ladd Aaf,454,-147.614444,92303
Lafayette Rgnl,43,-91.987611,92303
Lake Charles Rgnl,15,-93.223335,92303
Lake City Municipal Airport,201,-82.576944,92303
Lake Cumberland Regional Airport,927,-84.615556,92303
Lake Havasu City Airport,783,-114.3582778,92303
Lake Hood Seaplane Base,71,-149.9653918,92303
Lake Placid Airport,1747,-73.961944,92303
Lake Tahoe Airport,8544,-119.995278,92303
Lake Wales Municipal Airport,127,-81.6203889,92303
Lakefront,7,-90.02825,92303
Lakehurst Naes,103,-74.353333,92303
Lakeland,1629,-89.730833,92303
Lakeland Linder Regional Airport,142,-82.0185556,92303
Lamar Muni,3706,-102.6885,92303
Lambert St Louis Intl,618,-90.370028,92303
Lanai,1308,-156.951419,92303
Lancaster Airport,403,-76.2961,92303
Langley Afb,11,-76.360547,92303
Lansdowne Airport,1044,-80.6195833,92303
Lansing Municipal,620,-87.5295278,92303
Laramie Regional Airport,7284,-105.675,92303
Laredo Intl,508,-99.461556,92303
Larsen Bay Airport,87,-153.976667,92303
Las Cruces Intl,4456,-106.921972,92303
Las Vegas Muni,6877,-105.142389,92303
Laughlin Afb,1082,-100.777975,92303
Laughlin-Bullhead Intl,695,-114.56,92303
Laurence G Hanscom Fld,133,-71.289031,92303
Lawrence J Timmerman Airport,745,-88.0344167,92303
Lawrence Municipal,833,-95.2175,92303
Lawrence Municipal Airport,148,-71.1234167,92303
Lawson Aaf,232,-84.991283,92303
Lawton-Fort Sill Regional Airport,1110,-98.4166367,92303
Lea Co Rgnl,3661,-103.217028,92303
Lebanon Municipal Airport,603,-72.3042,92303
Lebanon State,344,-122.5577,92303
Lee Airport,34,-76.568333,92303
Lee C Fine Memorial Airport,869,-92.5494875,92303
Lee Gilmer Memorial Airport,1276,-83.8302233,92303
Leesburg Executive Airport,389,-77.558,92303
Lehigh Valley Intl,393,-75.440806,92303
Lemhi County Airport,4043,-113.881389,92303
Lemoore Nas,234,-119.95208,92303
Levelock Airport,39,-156.858611,92303
Lewis University Airport,680,-88.083003,92303
Lewiston Maine,288,-70.2835075,92303
Lewiston Nez Perce Co,1442,-117.015389,92303
Lewistown Municipal Airport,4170,-109.467,92303
Liberal Muni,2885,-100.95986,92303
Lihue,153,-159.338958,92303
Lima Allen County Airport,975,-84.0270781,92303
Lincoln,1219,-96.75925,92303
Lincoln Regional Airport Karl Harder Field,121,-121.3513333,92303
Linden Airport,23,-74.2445942,92303
Little Rock Afb,311,-92.149722,92303
Livermore Municipal,400,-121.49133,92303
Livingood Airport,696,-148.541111,92303
Logan-Cache,4457,-111.852,92303
Lompoc Airport,88,-120.4675,92303
London-Corbin Airport-MaGee Field,1212,-84.0773889,92303
Lone Star Executive,245,-95.414467,92303
Long Beach,60,-118.151611,92303
Long Island Mac Arthur,99,-73.100222,92303
Long Lake,1629,-74.42044,92303
Lopez Island Airport,209,-122.938,92303
Lorain County Regional Airport,793,-82.1776389,92303
Los Alamos Airport,7171,-106.2694153,92303
Los Angeles Intl,126,-118.408075,92303
Lost Nation Municipal Airport,626,-81.38975,92303
Louis Armstrong New Orleans Intl,4,-90.258028,92303
Louisville International Airport,501,-85.7364989,92303
Lovell Fld,683,-85.203808,92303
Lowell City Airport,681,-85.3439058,92303
Lubbock Preston Smith Intl,3282,-101.822778,92303
Luce County Airport,869,-85.457298,92303
Luke Afb,1085,-112.38306,92303
Lynchburg Regional Preston Glenn Field,938,-79.2004,92303
Lynden Airport,106,-122.4581183,92303
Macdill Afb,14,-82.521214,92303
Mackinac Island Airport,740,-84.637344,92303
Macomb Municipal Airport,707,-90.6523889,92303
Madera Municipal Airport,255,-120.1124444,92303
Madison GA Municipal Airport,694,-83.4604444,92303
Magic Valley Regional Airport,4151,-114.487733,92303
Mahlon Sweet Fld,374,-123.211972,92303
Majors,535,-96.065333,92303
Malad City,4503,-112.289,92303
Mammoth Yosemite Airport,7128,-118.837772,92303
Manassas,192,-77.515556,92303
Manchester Regional Airport,266,-71.435667,92303
Manhattan Reigonal,1057,-96.670833,92303
Manistee County-Blacker Airport,621,-86.246944,92303
Manley Hot Springs Airport,270,-150.644167,92303
Manokotak Airport,51,-159.05,92303
Mansfield Lahm Regional,1297,-82.5166389,92303
Mansfield Municipal,122,-71.1967714,92303
Marana Regional,2031,-111.218388,92303
March Arb,1535,-117.259453,92303
Marco Islands,5,-81.6725278,92303
Marina Muni,134,-121.762347,92303
MariposaYosemite,2454,-120.0222,92303
Mark Anton Airport,718,-84.9310833,92303
Marshall Aaf,1063,-96.764453,92303
Marshall Don Hunter Sr. Airport,103,-162.026111,92303
Marshfield Municipal Airport,1278,-90.1893267,92303
Marshfield Municipal Airport,9,-70.6721389,92303
Martha\\'s Vineyard,67,-70.615278,92303
Martin Campbell Field Airport,1789,-84.3468333,92303
Martin State,22,-76.4137778,92303
Mason City Municipal,1243,-93.4067,92303
Massena Intl Richards Fld,215,-74.845547,92303
Maxwell Afb,171,-86.365778,92303
Mbs Intl,668,-84.079647,92303
Mc Alester Rgnl,770,-95.783463,92303
Mc Allen Miller Intl,107,-98.238611,92303
Mc Carran Intl,2141,-115.15225,92303
Mc Chord Afb,322,-122.476475,92303
Mc Clellan Afld,75,-121.400611,92303
Mc Connell Afb,1371,-97.268192,92303
Mc Ghee Tyson,981,-83.994028,92303
Mc Guire Afb,131,-74.591667,92303
Mc Kellar Sipes Rgnl,434,-88.915611,92303
Mc Minnville Muni,163,-123.135944,92303
McCall Municipal Airport,5021,-116.101389,92303
McCarthy Airport,1531,-142.90307372,92303
McClellan-Palomar Airport,328,-117.1648,92303
McCook Regional Airport,2583,-100.592222,92303
McDuffie County Airport,501,-82.5169509,92303
McGrath Airport,338,-155.606,92303
McKinley National Park Airport,1720,-148.91129,92303
McKinnon Airport,19,-81.3910556,92303
McMinn Co,874,-84.56177,92303
McNary Field,214,-123.003,92303
Meadows Fld,507,-119.05677,92303
Meigs Field,585,-87.609722,92303
Mekoryuk Airport,48,-166.271,92303
Melbourne Intl,33,-80.645258,92303
Memorial Field,540,-93.0962,92303
Memphis Intl,341,-89.976667,92303
Menominee Marinette Twin Co,625,-87.638443,92303
Merced Municipal Airport,156,-120.513889,92303
Mercer County Airport,2857,-81.2077,92303
Meridian Nas,317,-88.555557,92303
Merle K Mudhole Smith,48,-145.477556,92303
Merrill Fld,137,-149.844447,92303
Merritt Island Airport,6,-80.6854722,92303
Mesa Falcon Field,1394,-111.727996826172,92303
Metlakatla Seaplane Base,0,-131.578056,92303
Metropolitan Oakland Intl,9,-122.220722,92303
Mexia - Limestone County Airport,544,-96.5144594,92303
Miami Intl,8,-80.290556,92303
Miami Seaplane Base,0,-80.1703,92303
Miami University Airport,1040,-84.7843814,92303
Michigan City Municipal Airport,500,-86.8211,92303
Mid Delta Regional Airport,131,-90.9856,92303
Mid-Ohio Valley Regional Airport,858,-81.4392031,92303
Middle Georgia Rgnl,354,-83.649211,92303
Midland Intl,2871,-102.201914,92303
Millington Rgnl Jetport,320,-89.870278,92303
Millinocket Muni,408,-68.685561,92303
Millville Muni,85,-75.072222,92303
Minchumina Airport,678,-152.301944,92303
Mineral Wells,974,-98.060175,92303
Minneapolis St Paul Intl,841,-93.221767,92303
Minot Afb,1668,-101.357661,92303
Minot Intl,1716,-101.280333,92303
Minto Airport,460,-149.37,92303
Miramar Mcas,478,-117.14175,92303
Mission Field Airport,4660,-110.4483056,92303
Missoula Intl,3205,-114.090556,92303
Mobile Downtown,26,-88.068092,92303
Mobile Rgnl,219,-88.242814,92303
Modesto City Co Harry Sham,97,-120.954422,92303
Moffett Federal Afld,32,-122.049139,92303
Mojave,2791,-118.151856,92303
Molokai,454,-157.096256,92303
Monroe County Airport,846,-86.6166805,92303
Monroe Reqional Airport,679,-80.62001,92303
Monroe Rgnl,79,-92.037689,92303
Monterey Peninsula,257,-121.842944,92303
Montgomery County Airpark,0,-77.09576,92303
Montgomery Field,17,117.759,92303
Montgomery Regional Airport,221,-86.3939722,92303
Montrose Regional Airport,5759,-107.894242,92303
Moody Afb,233,-83.193,92303
Moore County Airport,455,-79.3887958,92303
Morgantown Airport,600,-75.8704892,92303
Morgantown Muni Walter L Bill Hart Fld,1248,-79.916314,92303
Morristown Municipal Airport,187,-74.4148747,92303
Morrisville Stowe State Airport,732,-72.614,92303
Moser Bay Seaplane Base,0,-154.145833,92303
Moton Field Municipal Airport,264,-85.6800278,92303
Moultrie Municipal Airport,294,-83.80325,92303
Mount Pleasant Regional-Faison Field,12,-79.4697,92303
Mountain Home Afb,2996,-115.872431,92303
Mountain Home Municipal Airport,3167,-115.7305671,92303
Mountain Village Airport,337,-163.682,92303
Muir Aaf,489,-76.569411,92303
Municipal Airport,125,-79.0595556,92303
Municipal Airport,1292,-90.8964742,92303
Municipal Airport,529,-81.6850278,92303
Municipal Airport,780,-88.3046825,92303
Municipal Airport,90,-82.155833,92303
Muskegon County Airport,628,-86.2382,92303
Myrtle Beach Intl,25,-78.928333,92303
NAS Alameda,10,-122.3186,92303
NW Arkansas Regional,1287,-94.3068111,92303
Nantucket Mem,48,-70.060181,92303
Napa County Airport,35,-122.2806944,92303
Naples Muni,8,-81.775294,92303
Nashville Intl,599,-86.678194,92303
Natrona Co Intl,5347,-106.464417,92303
Naval Air Station,653,-87.8225,92303
Nellis Afb,1870,-115.034253,92303
Nelson Lagoon,14,-161.160278,92303
New Bedford Regional Airport,80,-70.9569,92303
New Carrollton Rail Station,39,-76.8719,92303
New Castle,79,-75.606528,92303
New Century AirCenter Airport,1087,-94.8903056,92303
New Haven Rail Station,7,-72.925992,92303
New Orleans Nas Jrb,3,-90.035,92303
New Stuyahok Airport,302,-157.328,92303
Newark Liberty Intl,18,-74.168667,92303
Newark Penn Station,0,-74.164167,92303
Newport Municipal Airport,160,-124.057917,92303
Newport News Williamsburg Intl,43,-76.492989,92303
Newport State,172,-71.282222,92303
Newtok Airport,25,-164.641111,92303
Newton City-County Airport,1533,-97.2752278,92303
Niagara Falls Intl,589,-78.946194,92303
Nightmute Airport,4,-164.700833,92303
Nikolai Airport,427,-154.383889,92303
Nikolski Air Station,77,-168.848889,92303
Noatak Airport,88,-162.975,92303
Nogales Intl,3955,-110.84789,92303
Nome,37,-165.445247,92303
Nondalton Airport,262,-154.851667,92303
Norfolk Intl,26,-76.201222,92303
Norfolk Ns,15,-76.289289,92303
Norman Y Mineta San Jose Intl,62,-121.929022,92303
North Central State,441,-71.491381,92303
North Island Nas,26,-117.21531,92303
North Las Vegas Airport,2205,-115.1944444,92303
North Perry,8,-80.240722,92303
North Platte Regional Airport Lee Bird Field,2776,-100.684,92303
North Whale Seaplane Base,0,-133.121667,92303
Northeast Alabama Regional Airport,569,-86.0890834,92303
Northeast Philadelphia,121,-75.010586,92303
Northern Aroostook Regional Airport,988,-68.312778,92303
Northern Maine Rgnl At Presque Isle,534,-68.044797,92303
Northway,1716,-141.929136,92303
Northwest Alabama Regional Airport,550,-87.6102,92303
Norwood Memorial Airport,49,-71.1729444,92303
Nuiqsut Airport,38,-151.005556,92303
Nulato Airport,399,-158.074167,92303
Nunapitchuk Airport,12,-162.439167,92303
Oakdale Airport,237,-120.8001944,92303
Oakland Co. Intl,980,-83.35,92303
Ocean Isle Beach Airport,32,-78.4366722,92303
Ocean Ridge Airport,940,-123.5306389,92303
Ocean Shores Municipal,15,-124.0854,92303
Oceana Nas,22,-76.033542,92303
Oceano County Airport,14,-120.62236111,92303
Offutt Afb,1052,-95.912511,92303
Ogdensburg Intl,297,-75.4655,92303
Ohio State University Airport,905,-83.073,92303
Old Harbor Airport,55,-153.269722,92303
Olga Bay Seaplane Base,0,-154.229722,92303
Olive Branch Muni,350,-89.783333,92303
Olympia Regional Airpor,209,-122.9025447,92303
Oneonta Municipal Airport,1763,-75.064444,92303
Ontario Intl,944,-117.601194,92303
Opa Locka,8,-80.278389,92303
Orange County Airport,364,-74.2646444,92303
Orcas Island Airport,31,-122.910556,92303
Orlando,340,-81.57,92303
Orlando Intl,96,-81.308994,92303
Orlando Sanford Intl,55,-81.237489,92303
Ormond Beach municipal Airport,28,-81.06497,92303
Oscoda Wurtsmith,634,-83.394053,92303
Otis Angb,131,-70.521417,92303
Ouzinkie Airport,55,-152.500511,92303
Owensboro Daviess County Airport,406,-87.1668,92303
Oxnard - Ventura County,15,-119.207222,92303
Ozona Muni,2381,-101.202972,92303
Packwood,1057,-121.4067,92303
Page Fld,17,-81.86325,92303
Page Municipal Airport,4316,-111.4483,92303
Pahokee Airport,18,-80.692,92303
Palacios Muni,14,-96.250958,92303
Palm Beach Co Park,14,-80.085056,92303
Palm Beach Intl,19,-80.095589,92303
Palm Springs Intl,477,-116.506694,92303
Palmdale Rgnl Usaf Plt 42,2543,-118.08456,92303
Palmer Muni,242,-149.088711,92303
Palo Alto Airport of Santa Clara County,7,-122.1150556,92303
Panama City Bay Co Intl,20,-85.682806,92303
Panama City-NW Florida Bea.,69,-85.7973,92303
Pangborn Field,1249,-120.206,92303
Pappy Boyington,2320,-116.8195833,92303
Patrick Afb,8,-80.610125,92303
Patuxent River Nas,39,-76.411781,92303
Pease International Tradeport,100,-70.8233,92303
Pecos Municipal Airport,2613,-103.5107222,92303
Pedro Bay Airport,45,-154.1325,92303
Pelican Seaplane Base,0,-136.236389,92303
Pellston Regional Airport of Emmet County Airport,720,-84.7967,92303
Pembina Muni,795,-97.240833,92303
Penn Station,35,-73.9935,92303
Penn Station,66,-76.615556,92303
Pensacola Nas,28,-87.318647,92303
Pensacola Rgnl,121,-87.186611,92303
Peoria Regional,660,-89.693258,92303
Perry-Foley Airport,44,-83.5805833,92303
Perryville Airport,29,-159.160833,92303
Petersburg James A. Johnson,105,-132.945278,92303
Philadelphia 30th St Station,0,-75.182,92303
Philadelphia Intl,36,-75.241139,92303
Philip Billard Muni,881,-95.622482,92303
Phillips Aaf,57,-76.168808,92303
Phoenix Regional Airport,1300,-111.920997619629,92303
Phoenix Sky Harbor Intl,1135,-112.011583,92303
Phoenix-Mesa Gateway,1382,-111.655,92303
Pickens County Airport,1535,-84.4572222,92303
Piedmont Triad,925,-79.937306,92303
Pierre Regional Airport,1742,-100.286,92303
Pike County Airport - Hatcher Field,1473,-82.5663889,92303
Pilot Point Airport,57,-157.571944,92303
Pilot Station Airport,305,-162.899444,92303
Pinal Airpark,1893,-111.325278,92303
Pitt-Greenville Airport,27,-77.385278,92303
Pittsburgh Intl,1204,-80.232872,92303
Pittsburgh-Monroeville Airport,1187,-79.7749167,92303
Plantation Airpark,188,-81.5971111,92303
Platinum,15,-161.819664,92303
Plattsburgh Intl,234,-73.468139,92303
Plum Island Airport,11,-70.8394444,92303
Plymouth Municipal Airport,148,-70.7287778,92303
Plymouth Municipal Airport,800,-86.3002574,92303
Pocatello Regional Airport,4452,-112.596,92303
Point Baker Seaplane Base,0,-133.6225,92303
Point Hope Airport,12,-166.799,92303
Point Lay Lrrs,25,-163.005342,92303
Point Mugu Nas,13,-119.12094,92303
Point Roberts Airpark,10,-123.0788889,92303
Polk Aaf,330,-93.191667,92303
Polk County Airport - Cornelius Moore Field,974,-85.1464722,92303
Pompano Beach Airpark,19,-80.1110556,92303
Ponca City Rgnl,1007,-97.099781,92303
Pope Field,217,-79.014472,92303
Poplar Bluff Municipal Airport,331,-90.3248611,92303
Port Alsworth Airport,253,-154.306586,92303
Port Angeles Cgas,13,-123.414075,92303
Port Bailey Seaplane Base,0,-153.040556,92303
Port Bucyrus-Crawford County Airport,1003,-82.9748056,92303
Port Clarence Coast Guard Station,10,-166.859,92303
Port Columbus Intl,815,-82.891889,92303
Port Heiden Airport,95,-158.633,92303
Port Lions Airport,52,-152.846111,92303
Port Moller Airport,20,-160.560833,92303
Port O\\'Connor Airfield,10,-96.442859,92303
Port Oceanic Airport,142,-147.8194444,92303
Port Protection Seaplane Base,0,-133.61,92303
Port Williams Seaplane Base,0,-152.582222,92303
Portage Municipal Airport,825,-89.4828607,92303
Porter County Municipal Airport,770,-87.0070833,92303
Portland Hillsboro,204,-122.949825,92303
Portland Intl,30,-122.5975,92303
Portland Intl Jetport,77,-70.309281,92303
Portland Troutdale,39,-122.401253,92303
Princeton Muni,979,-93.608217,92303
Prospect Creek Airport,1095,-150.643611,92303
Prosser,705,-119.4773,92303
Provincetown Muni,9,-70.22139,92303
Provo Municipal Airport,4497,-111.72222222,92303
Pueblo Memorial,4726,-104.496572,92303
Pullman-Moscow Rgnl,2556,-117.109583,92303
Purude University Airport,606,-86.9368889,92303
Put-in-Bay Airport,595,-82.497,92303
Putnam County Airport,842,-86.8138056,92303
Quad City Intl,590,-90.507539,92303
Quantico Mcaf,11,-77.305333,92303
Quincy Municipal Airport,225,-84.557425,92303
Quincy Regional Baldwin Field,769,-91.1946,92303
Quinhagak Airport,42,-161.845278,92303
Quonset State Airport,18,-71.4121389,92303
Raleigh County Memorial Airport,2504,-81.1242,92303
Raleigh Durham Intl,435,-78.787472,92303
Ralph Wien Mem,11,-162.59855,92303
Ramona Airport,1395,-116.91525,92303
Rampart Airport,302,-150.140833,92303
Rancho Murieta,141,-121.102778,92303
Randall Airport,523,-74.3915611,92303
Randolph Afb,762,-98.2789,92303
Rapid City Regional Airport,3204,-103.057222,92303
Rawlins Municipal Airport-Harvey Field,6813,-107.19994,92303
Reading Regional Carl A Spaatz Field,344,-75.9652,92303
Red Devil Airport,174,-157.350278,92303
Redding Muni,504,-122.293389,92303
Redlands Municipal Airport,1574,-117.146388,92303
Redstone Aaf,685,-86.684781,92303
Regional - Hendricks AAF,63,-81.342222,92303
Regional Airport,582,-88.175556,92303
Regional Airport,968,-80.9538958,92303
Renner Fld,3656,-101.698992,92303
Reno Tahoe Intl,4415,-119.768108,92303
Renton,32,-122.21575,92303
Reynolds Field,1001,-84.460556,92303
Rhinelander Oneida County Airport,1624,-89.4675,92303
Richard B Russell Airport,664,-85.1586667,92303
Richard Lloyd Jones Jr Airport,638,-95.9846389,92303
Richfield Minicipal Airport,5301,-112.0989444,92303
Richland Airport,742,-90.2982819,92303
Richmond County Airport,358,-79.7596111,92303
Richmond Intl,167,-77.319667,92303
Richmond Municipal Airport,1140,-84.8427175,92303
Rick Husband Amarillo Intl,3607,-101.705931,92303
Rickenbacker Intl,744,-82.927822,92303
Ridgeland Airport,79,-80.99175,92303
Riverside Muni,818,-117.445103,92303
Riverton Regional,5525,-108.459722,92303
Roanoke Regional,1175,-79.975417,92303
Robert Curtis Memorial Airport,55,-161.022222,92303
Robert Gray Aaf,1015,-97.828917,92303
Roberts Fld,3077,-121.149964,92303
Robertson Field,202,-72.8646944,92303
Robins Afb,294,-83.59185,92303
Robinson Aaf,587,-92.300153,92303
Roche Harbor Seaplane Base,0,-123.159722,92303
Rochester,1317,-92.500014,92303
Rock Airport,1063,-79.8261189,92303
Rock Hill York Co Bryant Airport,667,-81.0572,92303
Rock Springs Sweetwater County Airport,6760,-109.065,92303
Rocky Mount Wilson Regional Airport,159,-77.8919,92303
Rocky Mountain Metropolitan Airport,5670,-105.11722222,92303
Rogue Valley Intl Medford,1335,-122.8735,92303
Ronald Reagan Washington Natl,15,-77.037722,92303
Rosario Seaplane Base,0,-122.868056,92303
Roscommon Co,1150,-84.671112,92303
Rosecrans Mem,826,-94.909706,92303
Roswell Intl Air Center,3671,-104.530556,92303
Ruby Airport,653,-155.47,92303
Russian Mission Airport,51,-161.319444,92303
Rutland State Airport,787,-72.9496,92303
Sabetha Municipal,1330,-95.4677,92303
Sacramento Executive,24,-121.49347,92303
Sacramento Intl,27,-121.590778,92303
Sacramento Mather,96,-121.297592,92303
Safford Regional Airport,3179,-109.6350833,92303
Saint Cloud Regional Airport,1031,-94.059889,92303
Salina Municipal Airport,1288,-97.6522,92303
Salisbury Ocean City Wicomico Rgnl,52,-75.510289,92303
Salt Lake City Intl,4227,-111.977772,92303
Saluda County,539,-81.4768,92303
San Angelo Rgnl Mathis Fld,1919,-100.496306,92303
San Antonio Intl,809,-98.469778,92303
San Bernardino International Airport,1159,-117.2348722,92303
San Carlos Airport,5,-122.249444,92303
San Diego Intl,17,-117.189667,92303
San Diego Old Town Transit Center,0,-117.1995,92303
San Francisco Intl,13,-122.374889,92303
San Juan - Uganik Seaplane Base,0,-153.320556,92303
San Luis County Regional Airport,212,-120.642,92303
San Luis Valley Regional Airport,7539,-105.866667,92303
Sand Point Airport,21,-160.523,92303
Sanford Regional,244,-70.708,92303
Santa Barbara Muni,10,-119.840372,92303
Santa Fe Muni,6348,-106.089422,92303
Santa Maria Pub Cpt G Allan Hancock Airport,261,-120.457,92303
Santa Monica Municipal Airport,177,-118.4513056,92303
Sarasota Bradenton Intl,30,-82.554389,92303
Saratoga County Airport,433,-73.861638,92303
Savannah Hilton Head Intl,51,-81.202139,92303
Savoonga Airport,53,-170.493,92303
Sawyer International Airport,1221,-87.395278,92303
Scammon Bay Airport,14,-165.571389,92303
Scappoose Industrial Airpark,58,-122.861833,92303
Schaumburg Regional,801,-88.1012428,92303
Scholes Intl At Galveston,6,-94.860406,92303
Scott Afb Midamerica,459,-89.835183,92303
Scottsdale Airport,1519,-111.9105278,92303
Seal Bay Seaplane Base,0,-152.5,92303
Seaplane Base,140,-81.7628056,92303
Seattle Tacoma Intl,433,-122.309306,92303
Sebastian Municipal,21,-80.4955833,92303
Sedona,4830,-111.788472,92303
Selawik Airport,17,-159.985833,92303
Selfield Airport,131,-86.9522,92303
Selfridge Angb,580,-82.8355,92303
Seward Airport,22,-149.4188122,92303
Seymour Johnson Afb,110,-77.960589,92303
Shageluk Airport,79,-159.569167,92303
Shaktoolik Airport,24,-161.223889,92303
Shaw Afb,242,-80.470564,92303
Sheboygan County Memorial Airport,755,-87.851402,92303
Shelby County Airport,550,-88.845556,92303
Shelby County Airport,586,-86.7832222,92303
Sheldon Point Airport,12,-164.847778,92303
Shenandoah Valley Regional Airport,1201,-78.896389,92303
Sheppard Afb Wichita Falls Muni,1019,-98.491894,92303
Sheridan County Airport,4021,-106.98,92303
Sherman Aaf,772,-94.914686,92303
Shishmaref Airport,12,-166.089,92303
Shively Field Airport,7012,-106.8235264,92303
Shoestring Aviation Airfield,1000,-76.6471914,92303
Show Low Regional Airport,6415,-110.005556,92303
Shreveport Rgnl,258,-93.8256,92303
Shungnak Airport,197,-157.1625,92303
Sidney Muni Airport,4313,-102.985,92303
Sidney-Richland Municipal Airport,1984,-104.1925,92303
Sierra Blanca Regional Airport,6814,-105.534751,92303
Sierra Vista Muni Libby Aaf,4719,-110.344389,92303
Sikeston Memorial Municipal,315,-89.56175,92303
Silver Springs Airport,4269,-119.2511944,92303
Sioux Falls,1429,-96.741914,92303
Sioux Gateway Col Bud Day Fld,1098,-96.384367,92303
Sitka Rocky Gutierrez,21,-135.361611,92303
Skagway Airport,44,-135.316,92303
Skyhaven Airport,321,-70.9292778,92303
Sleetmute Airport,190,-157.165833,92303
Sloulin Fld Intl,1982,-103.642347,92303
Smith Fld,834,-85.152778,92303
Smith Reynolds,969,-80.222,92303
Snohomish Co,606,-122.281564,92303
Soldotna Airport,113,-151.0382389,92303
Somerset County Airport,2275,-79.0149951,92303
South Arkansas Rgnl At Goodwin Fld,277,-92.813278,92303
South Bend Rgnl,799,-86.31725,92303
South Haven Area Regional Airport,666,-86.2556389,92303
South Jersey Regional Airport,53,-74.84575,92303
South Lakeland Airport,110,-82.0439739,92303
South Naknek Airport,162,-157.0025,92303
Southeast Iowa Regional Airport,698,-91.1255,92303
Southeast Texas Rgnl,15,-94.020694,92303
Southern California Logistics,2885,-117.382997,92303
Southern Wisconsin Regional Airport,808,-89.0415556,92303
Southwest Florida Intl,30,-81.755167,92303
Southwest Georgia Regional Airport,197,-84.1945,92303
Southwest Michigan Regional Airport,643,-86.4285,92303
Southwest Oregon Regional Airport,17,-124.246,92303
Space Coast Reg'l Airport,34,-80.7992278,92303
Sparrevohn Lrrs,1583,-155.574228,92303
Spencer Muni,1339,-95.202805,92303
Spirit Of St Louis,463,-90.652044,92303
Spitfire Aerodrome,40,-75.3977211,92303
Spokane Intl,2376,-117.533833,92303
Spring Hill Airport,1729,-75.4158972,92303
Springfield Amtrak Station,65,-72.593054,92303
Springfield Branson Natl,1268,-93.388639,92303
Springfield-Beckly Municipal Airport,1051,-83.8401667,92303
St Clair Co Intl,650,-82.528862,92303
St George,125,-169.661611,92303
St George Muni,2941,-113.593056,92303
St Lucie County International Airport,23,-80.372638,92303
St Marys Airport,311,-163.302,92303
St Paul Island,63,-170.220444,92303
St Petersburg Clearwater Intl,10,-82.687389,92303
St. Augustine Airport,10,-81.3397222,184606
St. George Airport,125,-169.663611,92303
St. Louis Downtown Airport,413,-90.1562211,92303
St. Michael Airport,98,-162.110278,92303
Stamford Amtrak Station,0,-73.541493,92303
Steamboat Springs Airport-Bob Adams Field,6882,-106.8663056,92303
Stebbins Airport,14,-162.278056,92303
Stephens Co,1284,-98.891,92303
Sterling Municipal Airport,4040,-103.2648454,92303
Stevens Point Municipal Airport,1110,-89.5302844,92303
Stewart Intl,491,-74.104839,92303
Stockton Metropolitan,33,-121.238306,92303
Stony River 2 Airport,230,-156.591111,92303
Stormville Airport,358,-73.7323514,92303
Stratton ANGB - Schenectady County Airpor,378,-73.928866666,92303
Stroudsburg-Pocono Airport,480,-75.1606789,92303
Sugar Land Regional Airport,82,-95.6565278,92303
Sussex Co,50,-75.358889,92303
Suwannee County Airport,104,-83.0246944,92303
Sylvania Airport,785,-87.9589722,92303
Syracuse Hancock Intl,421,-76.106311,92303
Tacoma Narrows Airport,294,-122.57811,92303
Takotna Airport,825,-156.082778,92303
Talkeetna,358,-150.093694,92303
Tallahassee Rgnl,81,-84.350333,92303
Tampa Executive Airport,22,-82.3452778,92303
Tampa Intl,26,-82.53325,92303
Tampa North Aero Park,68,-82.374555,92303
Tanana Airport,207,-152.075833,92303
Tatalina Lrrs,964,-155.976525,92303
Tatitlek Airport,62,-146.691111,92303
Taunton Municipal Airport - King Field,43,-71.0166453,92303
Ted Stevens Anchorage Intl,152,-149.996361,92303
Teller Airport,294,-166.339444,92303
Telluride,9078,-107.90848,92303
Tenakee Seaplane Base,0,-135.218333,92303
Terre Haute Intl Hulman Fld,589,-87.307561,92303
Teterboro,9,-74.060837,92303
Texarkana Rgnl Webb Fld,390,-93.991028,92303
Theodore Francis Green State,55,-71.420383,92303
Thief River Falls,1116,-96.185,92303
Thomasville Regional Airport,264,-83.8811285,92303
Thorne Bay Seaplane Base,0,-132.536667,92303
Tin City LRRS Airport,269,-167.921667,92303
Tinker Afb,1291,-97.386633,92303
Tipton,150,-76.759414,92303
Toccoa RG Letourneau Field Airport,996,-83.2963717,92303
Togiak Airport,21,-160.397,92303
Tok Junction Airport,1639,-142.953611,92303
Toksook Bay Airport,59,-165.087222,92303
Toledo,684,-83.807833,92303
Tonopah Test Range,5549,-116.78075,92303
Train Station,26,-77.42945,92303
Travis Afb,62,-121.927464,92303
Trenton Mercer,213,-74.813469,92303
Trenton-Robbinsville Airport,118,-74.6017778,92303
Tri Cities Airport,410,-119.119,92303
Tri State Milton J Ferguson Field,828,-82.558,92303
Tri-Cities,833,-76.0578,92303
Tri-Cities Regional Airport,1519,-82.4074167,92303
Tri-County Regional Airport,718,-90.181667,92303
Tri-State Steuben County Airport,995,-85.0834933,92303
Truckee-Tahoe Airport,5900,-120.1395628,92303
Truth Or Consequences Muni,4853,-107.27175,92303
Tstc Waco,470,-97.074139,92303
Tucson Intl,2643,-110.941028,92303
Tucumcari Muni,4065,-103.603186,92303
Tulip City Airport,698,-86.1078333,92303
Tulsa Intl,677,-95.888111,92303
Tuluksak Airport,30,-160.969444,92303
Tunica Municipal Airport,194,-90.3467,92303
Tuntutuliak Airport,16,-162.666944,92303
Tununak Airport,14,-165.271667,92303
Tupelo Regional Airport,346,-88.7699,92303
Tuscaloosa Rgnl,170,-87.611403,92303
Tweed-New Haven Airport,14,-72.886806,92303
Twentynine Palms Eaf,2051,-116.162203,92303
Twin Hills Airport,82,-160.275,92303
Tyler Pounds Rgnl,544,-95.402386,92303
Tyndall Afb,17,-85.575417,92303
Tyonek Airport,110,-151.138056,92303
Ugnu-Kuparuk Airport,67,-149.5975,92303
Unalakleet Airport,21,-160.798889,92303
Unalaska,22,-166.5435,92303
Union Station,456,-75.223333,92303
University Park Airport,1239,-77.848694,92303
Upolu,96,-155.859989,92303
Valdez Pioneer Fld,118,-146.248342,92303
Valdosta Regional Airport,203,-83.2767,92303
Valkaria Municipal,26,-80.5583333,92303
Valley Intl,36,-97.654389,92303
Van Nuys,802,-118.489972,92303
Van Wert County Airport,787,-84.606358,92303
Vance Afb,1307,-97.9165,92303
Vandenberg Afb,369,-120.584306,92303
Venetie Airport,574,-146.366389,92303
Vermilion Regional,696,-87.5955278,92303
Vernal Regional Airport,5278,-109.51,92303
Vero Beach Muni,24,-80.417944,92303
Victoria Regional Airport,115,-96.9185,92303
Visalia Municipal Airport,295,-119.392778,92303
Volk Fld,912,-90.253433,92303
W H Barron Field,311,-82.591,92303
Waco Rgnl,516,-97.230519,92303
Wadsworth Municipal,974,-81.7564401,92303
Waikoloa Heliport,109,-155.864,92303
Waimea Kohala,2671,-155.668108,92303
Wainwright Airport,41,-159.994722,92303
Wainwright As,35,-159.86035,92303
Wales Airport,22,-168.095,92303
Wall Street Heliport,7,-74.009028,92303
Walla Walla Regional Airport,1191,-118.288,92303
Wallops Flight Facility,40,-75.466389,92303
Washington Dulles Intl,313,-77.455811,92303
Washington Union Station,76,-77.00643,92303
Waterbury-Oxford Airport,726,-73.13525,92303
Waterloo Regional Airport,873,-92.4003,92303
Watertown Intl,325,-76.021739,92303
Watertown Regional Airport,1748,-97.1547,92303
Waukegan Rgnl,727,-87.867908,92303
Waukesha County Airport,911,-88.2370556,92303
Waupaca Municipal Airport,840,-89.0197778,92303
Wausau Downtown Airport,1201,-89.6270018,92303
Waynesville Rgnl Arpt At Forney Fld,1159,-92.140736,92303
Weedon Field,285,-85.0774,92303
Welke Airport,664,-85.520278,92303
Wellington Municipal,1277,-97.423225,92303
Wendover,4237,-114.030889,92303
West 30th St. Heliport,7,-74.0071,92303
West Georgia Regional Airport - O V Gray Field,1165,-85.1522641,92303
West Houston,111,-95.672611,92303
West Point Village Seaplane Base,0,-153.548889,92303
Westchester Co,439,-73.707575,92303
Westerly State Airport,81,-71.803333,92303
Western Nebraska Regional Airport,3967,-103.596,92303
Westover Arb Metropolitan,241,-72.534783,92303
Westsound Seaplane Base,0,-122.952778,92303
Wheeler Aaf,837,-158.039667,92303
Wheeler Sack Aaf,690,-75.719458,92303
Wheeling Ohio County Airport,1195,-80.6463,92303
Whidbey Island Nas,47,-122.655906,92303
White Mountain Airport,267,-163.412778,92303
Whiteman Afb,870,-93.547864,92303
Whiteman Airport,1003,-118.4134331,92303
Whiting Fld Nas North,199,-87.021944,92303
Wichita Mid Continent,1333,-97.433056,92303
Wickenburg Municipal Airport,2377,-112.7990036,92303
Wiley Post Will Rogers Mem,44,-156.766003,92303
Wilkes Barre Scranton Intl,962,-75.723403,92303
Wilkes-Barre Wyoming Valley Airport,543,-75.8522405,92303
Will Rogers World,1295,-97.600733,92303
William P Hobby,46,-95.278889,92303
William R Fairchild International Airport,291,-123.5,92303
William T. Piper Mem.,556,-77.4223056,92303
Williams County Airport,730,-84.5067778,92303
Williamson Country Regional Airport,472,-89.0110936,92303
Williamson-Sodus Airport,424,-77.119444,92303
Williamsport Rgnl,529,-76.921094,92303
Willow Grove Nas Jrb,358,-75.148167,92303
Willow Run,716,-83.530408,92303
Wilmington Airborne Airpark,1077,-83.792118,92303
Wilmington Amtrak Station,0,-75.551667,92303
Wilmington Intl,32,-77.902569,92303
Windham Airport,246,-72.1802222,92303
Windom Municipal Airport,1410,-95.1094083,92303
Wings Field,302,-75.265,92303
Winkler Co,2822,-103.201361,92303
Winslow-Lindbergh Regional Airport,4941,-110.7225278,92303
Wishram Amtrak Station,1,-120.9664,92303
Witham Field Airport,16,-80.221294,92303
Wittman Regional Airport,790,-88.551336,92303
Wokal Field Glasgow International Airport,2296,-106.615,92303
Woodward Field,302,-80.5648611,92303
Worcester Regional Airport,1009,-71.8757,92303
Worland Municipal Airport,4227,-107.951,92303
Wrangell Airport,44,-132.37,92303
Wright Patterson Afb,823,-84.048332,92303
Yakataga Airport,12,-142.493611,92303
Yakima Air Terminal McAllister Field,1095,-120.544,92303
Yakutat,33,-139.3937,92303
Yampa Valley,6602,-107.21766,92303
Yeager,981,-81.593189,92303
Yellowstone Airport,6644,-111.1175,92303
Yellowstone Rgnl,5102,-109.023806,92303
Yolo County Airport,100,-121.8569444,92303
Youngstown Elser Metro Airport,1070,-80.6773264,92303
Youngstown Warren Rgnl,1196,-80.679097,92303
Yuba County Airport,62,-121.3411,92303
Yuma Mcas Yuma Intl,216,-114.60598,92303
Zachar Bay Seaplane Base,0,-153.75,92303
Zamperini Field Airport,101,-118.339611,92303
